gas_case,flat_case,ndc_scenario,struct_feasible,flat_feasible,struct_cost_usd,flat_cost_usd,shape_premium_usd,shape_premium_pct,struct_unserved_twh,flat_unserved_twh,struct_carbon_shadow_mean,flat_carbon_shadow_mean,struct_carbon_binding_years,flat_carbon_binding_years,interpretation
downside,flat_downside,ndc3_unconditional,True,True,806122856359.0676,849753078688.0604,-43630222328.9928,-5.134458870846787,137.62318379,141.99359289,9277.415276190475,9277.415276190475,20,20,Shape makes compliance CHEAPER than level alone (structural form provides a cost advantage).
upside,flat_upside,ndc3_unconditional,True,True,806122856359.0676,806055364624.3889,67491734.67871094,0.008373089199668213,137.62318379,137.61642319,9277.415276190475,10406.597276190476,20,21,Shape makes compliance MORE costly than level alone predicts.
shock_recovery,flat_shock_recovery,ndc3_unconditional,True,True,806122856359.0676,806055364624.3889,67491734.67871094,0.008373089199668213,137.62318379,137.61642319,9277.415276190475,10406.597276190476,20,21,Shape makes compliance MORE costly than level alone predicts.
downside,flat_downside,ndc3_conditional,True,True,623698262173.0359,667328484502.0287,-43630222328.9928,-6.538042859289961,88.53082441999999,92.90123351999999,7340.28859062381,7340.28859062381,20,20,Shape makes compliance CHEAPER than level alone (structural form provides a cost advantage).
upside,flat_upside,ndc3_conditional,True,True,623698262173.0359,623630770438.3573,67491734.67858887,0.010822386879843686,88.53082441999999,88.52406381999998,7340.28859062381,8469.47059062381,20,21,Shape makes compliance MORE costly than level alone predicts.
shock_recovery,flat_shock_recovery,ndc3_conditional,True,True,623698262173.0359,623630770438.3573,67491734.67858887,0.010822386879843686,88.53082441999999,88.52406381999998,7340.28859062381,8469.47059062381,20,21,Shape makes compliance MORE costly than level alone predicts.
