ndc_label,demand_level,base_demand_twh,pub_unserved_twh,eaas_unserved_twh,eaas_solar_mw,access_improvement_twh,eaas_necessary
ndc3_conditional,latent_high,76.93,1524.0507010000001,1116.847288,31265.827,407.2034130000002,False
ndc3_conditional,latent_low,38.47,315.3804168,119.5505415,23673.896389999998,195.82987529999997,False
ndc3_conditional,served,23.08,43.0882566,14.1627951,11144.763770000001,28.9254615,False
ndc3_unconditional,latent_high,76.93,1715.9628470000002,1111.015299,35818.3346,604.9475480000003,False
ndc3_unconditional,latent_low,38.47,486.42734950000005,113.7185525,23673.896389999998,372.70879700000006,False
ndc3_unconditional,served,23.08,111.5833952,8.3308055,10106.473890000001,103.2525897,False
