case,cum_gas_to_power_twh_th,cum_gas_generation_twh_e,cum_solar_generation_twh_e,cum_storage_discharge_twh_e,cum_unserved_twh,cum_emissions_tco2_timeseries
baseline_no_policy,853.8599999999998,367.15979999999985,370.68937427966404,0.0,0.0,154574275.8
ndc3_unconditional,68.9723987,29.658131441,483.5320842013201,87.03577472999999,137.62318379,12486073.336661
ndc3_conditional,55.409633,23.82614219,541.83508551702,83.65712399999998,88.53082442,10030805.86199
ndc3_unconditional_eaas,68.9723987,29.658131441,541.83508551702,83.65712399999998,82.69883502,12486073.336661
ndc3_conditional_eaas,55.409633,23.82614219,541.83508551702,83.65712399999998,88.53082442,10030805.86199
