case,cum_gas_to_power_twh_th,cum_gas_generation_twh_e,cum_solar_generation_twh_e,cum_storage_discharge_twh_e,cum_unserved_twh,cum_emissions_tco2_timeseries
baseline_no_policy,853.8599999999998,367.15979999999985,370.68937427966404,0.0,0.0,154574275.8
ndc2_unconditional,707.7418479999999,304.32899463999996,345.9739080081961,0.0,87.54627419,128122506.74343996
ndc2_conditional,510.057838,219.32487034,467.24068979499606,0.0,51.28361696,92335770.41314001
ndc2_unconditional_eaas,707.7418479999999,304.32899463999996,409.95006023394006,21.925404000000007,1.6447178500000001,128122506.74343996
ndc2_conditional_eaas,510.057838,219.32487034,460.9656855044641,51.72692400000001,5.83169721,92335770.41314001
ndc3_unconditional,700.9950889999999,301.4278882699999,348.1430336614081,0.0,88.27825250000001,126901140.96166998
ndc3_conditional,612.2940070000001,263.28642301,452.8340843374801,0.0,21.72866844,110843584.08720997
ndc3_unconditional_eaas,700.9950889999999,301.4278882699999,412.95426929809213,21.925404000000007,1.54161221,126901140.96166998
ndc3_conditional_eaas,612.2940070000001,263.28642301,450.81750038976014,21.925404000000007,1.81984802,110843584.08720997
