case,adequacy_cum_unserved_twh,adequacy_peak_unserved_twh,adequacy_years_with_unserved,sustainability_cum_emissions_tco2,sustainability_binding_years,sustainability_avg_carbon_shadow_binding_only
baseline_no_policy,0.0,0.0,0,162553333.62360996,0,0.0
ndc2_unconditional,83.17476386,8.2294917,17,130800016.65706998,20,9439.867909999999
ndc2_conditional,49.12824915,6.396635,14,94109621.83294001,20,8594.93352
ndc2_unconditional_eaas,1.57405248,1.409796,2,130800016.65706998,20,1116.621935305
ndc2_conditional_eaas,5.12946006,1.409796,6,94109621.83294001,20,4513.149646604999
ndc3_unconditional,88.27825250000001,8.2148599,18,126901140.96166998,20,9704.218100000002
ndc3_conditional,21.72866844,4.9040187,9,110843584.08720997,20,8040.706834999999
ndc3_unconditional_eaas,1.54161221,1.409796,2,126901140.96166998,20,1116.621935305
ndc3_conditional_eaas,1.81984802,1.409796,2,110843584.08720997,20,1116.621935305
