case,adequacy_cum_unserved_twh,adequacy_peak_unserved_twh,adequacy_years_with_unserved,sustainability_cum_emissions_tco2,sustainability_binding_years,sustainability_avg_carbon_shadow_binding_only
baseline_no_policy,0.0,0.0,0,154574275.8,0,0.0
ndc2_unconditional,87.54627419,8.4936813,18,128122506.74343996,20,9704.218100000002
ndc2_conditional,51.28361696,6.396635,14,92335770.41314001,20,8594.93352
ndc2_unconditional_eaas,1.6447178500000001,1.409796,2,128122506.74343996,20,1116.621935305
ndc2_conditional_eaas,5.83169721,1.409796,6,92335770.41314001,20,4513.149646604999
ndc3_unconditional,88.27825250000001,8.2148599,18,126901140.96166998,20,9704.218100000002
ndc3_conditional,21.72866844,4.9040187,9,110843584.08720997,20,8040.706834999999
ndc3_unconditional_eaas,1.54161221,1.409796,2,126901140.96166998,20,1116.621935305
ndc3_conditional_eaas,1.81984802,1.409796,2,110843584.08720997,20,1116.621935305
