case,npv_total_cost_usd,cumulative_emissions_tco2
baseline_no_policy,9527136237.188107,154574275.79999998
ndc3_unconditional,806122856359.0676,12486073.336661
ndc3_unconditional_eaas,572655878933.0764,12486073.336661
ndc3_conditional,623698262173.0359,10030805.86199
ndc3_conditional_eaas,623698262173.0359,10030805.86199
