case,npv_total_cost_usd,cumulative_emissions_tco2
baseline_no_policy,9312130762.041323,162553333.62360996
ndc2_unconditional,456061274411.11206,130800016.65706995
ndc2_unconditional_eaas,26889795746.391518,130800016.65706995
ndc3_unconditional,476545075177.7699,126901140.96166997
ndc3_unconditional_eaas,26652158359.84212,126901140.96166997
ndc3_conditional,128138295397.44144,110843584.08720995
ndc3_conditional_eaas,29660146669.605778,110843584.08720995
ndc2_conditional,278560109618.27826,94109621.83293998
ndc2_conditional_eaas,57348883545.03447,94109621.83293998
