case,npv_total_cost_usd,cumulative_emissions_tco2,cumulative_unserved_twh,solar_total_built_mw,storage_capacity_mwh
baseline_no_policy,9527136237.188107,154574275.79999998,0.0,13489.228009999999,
ndc3_unconditional,806122856359.0676,12486073.336661,137.62318379,14893.131229999999,41608.952950000006
ndc3_conditional,623698262173.0359,10030805.86199,88.53082441999999,18631.33018,33788.571299999996
ndc3_unconditional_eaas,572655878933.0764,12486073.336661,82.69883501999999,18631.33018,33788.571299999996
ndc3_conditional_eaas,623698262173.0359,10030805.86199,88.53082441999999,18631.33018,33788.571299999996
