{
  "baseline_no_policy__baseline": {
    "gas_shadow_mean": 212322443.14571425,
    "gas_shadow_binding_years": 21,
    "exceeds_dom_high_3p3": 0.38095238095238093,
    "exceeds_opp_7": 0.09523809523809523,
    "exceeds_lng_10": 0.047619047619047616
  },
  "baseline_no_policy__upside": {
    "gas_shadow_mean": 212322443.14571425,
    "gas_shadow_binding_years": 21,
    "exceeds_dom_high_3p3": 0.38095238095238093,
    "exceeds_opp_7": 0.09523809523809523,
    "exceeds_lng_10": 0.047619047619047616
  },
  "baseline_no_policy__downside": {
    "gas_shadow_mean": 542929160.8095238,
    "gas_shadow_binding_years": 21,
    "exceeds_dom_high_3p3": 1.0,
    "exceeds_opp_7": 1.0,
    "exceeds_lng_10": 0.9047619047619048
  },
  "baseline_no_policy__shock_recovery": {
    "gas_shadow_mean": 212322443.14571425,
    "gas_shadow_binding_years": 21,
    "exceeds_dom_high_3p3": 0.38095238095238093,
    "exceeds_opp_7": 0.09523809523809523,
    "exceeds_lng_10": 0.047619047619047616
  },
  "ndc3_unconditional__baseline": {
    "gas_shadow_mean": 204415814.2857143,
    "gas_shadow_binding_years": 1,
    "exceeds_dom_high_3p3": 0.047619047619047616,
    "exceeds_opp_7": 0.047619047619047616,
    "exceeds_lng_10": 0.047619047619047616
  },
  "ndc3_unconditional__upside": {
    "gas_shadow_mean": 204415814.2857143,
    "gas_shadow_binding_years": 1,
    "exceeds_dom_high_3p3": 0.047619047619047616,
    "exceeds_opp_7": 0.047619047619047616,
    "exceeds_lng_10": 0.047619047619047616
  },
  "ndc3_unconditional__downside": {
    "gas_shadow_mean": 450651583.8095238,
    "gas_shadow_binding_years": 11,
    "exceeds_dom_high_3p3": 0.5238095238095238,
    "exceeds_opp_7": 0.5238095238095238,
    "exceeds_lng_10": 0.5238095238095238
  },
  "ndc3_unconditional__shock_recovery": {
    "gas_shadow_mean": 204415814.2857143,
    "gas_shadow_binding_years": 1,
    "exceeds_dom_high_3p3": 0.047619047619047616,
    "exceeds_opp_7": 0.047619047619047616,
    "exceeds_lng_10": 0.047619047619047616
  }
}