gas_case,ndc_scenario,gas_shadow_mean,gas_shadow_max,gas_shadow_binding_years,carbon_shadow_mean,carbon_binding_years,npv_total_cost_usd,cumulative_unserved_twh
baseline,baseline_no_policy,212322443.14571425,4292732100.0,21,0.0,0,23918116795.49587,1.409796
upside,baseline_no_policy,212322443.14571425,4292732100.0,21,0.0,0,23478962898.280235,1.409796
downside,baseline_no_policy,542929160.8095238,4292732100.0,21,0.0,0,34374437161.008766,2.46602595
shock_recovery,baseline_no_policy,212322443.14571425,4292732100.0,21,0.0,0,24245590244.47689,1.409796
baseline,ndc3_unconditional,204415814.2857143,4292732100.0,1,3671.761640952381,20,45753408649.83906,4.33529023
upside,ndc3_unconditional,204415814.2857143,4292732100.0,1,3671.761640952381,20,45753408649.83906,4.33529023
downside,ndc3_unconditional,450651583.8095238,4292732100.0,11,5891.317176190475,10,63392937502.86984,15.282253520000001
shock_recovery,ndc3_unconditional,204415814.2857143,4292732100.0,1,3671.761640952381,20,45753408649.83906,4.33529023
