gas_case,ndc_scenario,gas_shadow_mean,gas_shadow_max,gas_shadow_binding_years,carbon_shadow_mean,carbon_binding_years,npv_total_cost_usd,cumulative_unserved_twh
baseline,baseline_no_policy,212322443.14571425,4292732100.0,21,0.0,0,24133122270.642654,1.409796
upside,baseline_no_policy,212322443.14571425,4292732100.0,21,0.0,0,23758157366.396156,1.409796
downside,baseline_no_policy,396932070.1457142,4292732100.0,21,0.0,0,26215543624.11805,1.47637
shock_recovery,baseline_no_policy,212322443.14095235,4292732100.0,18,0.0,0,24083559022.637848,1.409796
baseline,ndc3_unconditional,204415814.2857143,4292732100.0,1,9277.415276190475,20,806122856359.0676,137.62318379
upside,ndc3_unconditional,204415814.2857143,4292732100.0,1,9277.415276190475,20,806122856359.0676,137.62318379
downside,ndc3_unconditional,204415814.2857143,4292732100.0,1,9277.415276190475,20,806122856359.0676,137.62318379
shock_recovery,ndc3_unconditional,204415814.2857143,4292732100.0,1,9277.415276190475,20,806122856359.0676,137.62318379
