case,n_draws,lp_cost,cost_mean,cost_std,cost_p10,cost_p50,cost_p90,cost_var95,cost_cvar95,unserved_mean,unserved_p10,unserved_p50,unserved_p90
NDC3 uncond (public),500,460520412635.4145,684701854500.1702,487848647979.25696,355141153202.9142,473526959916.363,1300443861120.325,1676689687464.436,2206245228478.081,67.145708090787,34.173527909636036,46.024894312599606,128.77866426021447
NDC3 uncond (EaaS),500,10464143433.62477,180490511678.3162,377120792498.2498,15459084222.610767,15949714494.544952,578111292514.8059,933417498362.0903,1452042053896.8696,16.49944934644163,9.144000046035217e-08,9.144000046035217e-08,56.31337317374314
NDC3 cond (public),500,125140657256.16296,229037552247.5443,317960427685.2945,93274470256.17107,98109024436.5033,503886759225.3771,835675756773.0479,1307819178034.2158,21.302141942009772,7.720654712656256,8.163919624281167,48.77672050961074
NDC3 cond (EaaS),500,10963608067.534704,116216813714.20525,289857741226.84406,16026540765.967,16717517141.909706,318962537412.89954,647795991514.9749,1118840681995.5166,9.960271878851868,9.144000046035217e-08,9.144000046035217e-08,30.286689992373823
