case,npv_total_cost_usd,cumulative_emissions_tco2
baseline_no_policy,134114554197.01398,154574275.79999998
ndc_unconditional_20,315299368576.6271,128122506.74343993
ndc_unconditional_20_eaas,51417907238.46408,128122506.74343993
ndc_conditional_47,585677593875.2026,92335770.41314004
ndc_conditional_47_eaas,116657174584.35425,92335770.41314004
