case,npv_total_cost_usd,cumulative_emissions_tco2,cumulative_unserved_twh,solar_total_built_mw,storage_capacity_mwh
baseline_no_policy,134114554197.01398,154574275.79999998,22.203812120000002,9743.917399999998,
ndc_unconditional_20,315299368576.6271,128122506.74343993,52.23072601999999,10375.323949999998,28315.698370000002
ndc_conditional_47,585677593875.2026,92335770.41314004,97.84698959999999,12067.391174999999,32889.50105
ndc_unconditional_20_eaas,51417907238.46408,128122506.74343993,4.09757738,14807.361789999999,8379.5657
ndc_conditional_47_eaas,116657174584.35425,92335770.41314004,12.64786384,16084.00112,19191.908499999998
