case,gas_shadow_mean,gas_shadow_max,gas_shadow_binding_years,gas_shadow_q50,gas_shadow_q90,carbon_shadow_mean,carbon_shadow_max,carbon_shadow_binding_years,carbon_shadow_q50,carbon_shadow_q90
baseline_no_policy,1535634861.4285715,4292732100.0,21,772085610.0,3547712500.0,0.0,0.0,0,0.0,0.0
ndc_unconditional_20,204415814.2857143,4292732100.0,1,0.0,0.0,8049.280023809524,21557.111,20,4264.9594,17815.794
ndc_conditional_47,204415814.2857143,4292732100.0,1,0.0,0.0,8864.748047619049,21557.111,20,8311.1994,17815.794
ndc_unconditional_20_eaas,204415814.2857143,4292732100.0,1,0.0,0.0,1990.7571317190475,21557.111,20,12.647876,106.61104
ndc_conditional_47_eaas,204415814.2857143,4292732100.0,1,0.0,0.0,4932.386693909523,21557.111,20,12.647876,17815.794
