{
  "gas_binding_share": 1.0,
  "gas_shadow_avg_usd_per_twh_th": 31943038.859999996,
  "gas_shadow_max_usd_per_twh_th": 504764610.0,
  "npv_total_cost_usd": 10430060712.4893,
  "cumulative_unserved_twh": 0.0,
  "cumulative_emissions_tco2": 173712043.28,
  "solar_total_built_mw": 12144.749769999999,
  "final_storage_capacity_mwh": 3995.4286,
  "solar_public_total_mw": 6951.261339999999,
  "gas_shadow_last_year": 15215047.0,
  "solar_eaas_total_mw": 5193.488429999999
}