{
  "gas_binding_share": 1.0,
  "gas_shadow_avg_usd_per_twh_th": 396932070.1457142,
  "gas_shadow_max_usd_per_twh_th": 4292732100.0,
  "npv_total_cost_usd": 41646639881.97394,
  "cumulative_unserved_twh": 3.1846048,
  "cumulative_emissions_tco2": 173712043.28,
  "solar_total_built_mw": 12032.8076,
  "final_storage_capacity_mwh": 5676.48,
  "solar_public_total_mw": 2897.54032,
  "gas_shadow_last_year": 15215047.0,
  "solar_eaas_total_mw": 9135.26728
}