{
  "gas_binding_share": 0.6190476190476191,
  "gas_shadow_avg_usd_per_twh_th": 1989544750.2923079,
  "gas_shadow_max_usd_per_twh_th": 4292732100.0,
  "npv_total_cost_usd": 158668776754.4205,
  "cumulative_unserved_twh": 18.2329298562,
  "cumulative_emissions_tco2": 170000133.19623995,
  "solar_total_built_mw": 10500.0,
  "final_storage_capacity_mwh": 28652.7089,
  "solar_public_total_mw": 3758.20341,
  "gas_shadow_last_year": 638087280.0,
  "solar_eaas_total_mw": 6741.79659
}