{
  "gas_binding_share": 0.047619047619047616,
  "gas_shadow_avg_usd_per_twh_th": 52025270.0,
  "gas_shadow_max_usd_per_twh_th": 52025270.0,
  "npv_total_cost_usd": 22569213410.26456,
  "cumulative_unserved_twh": 0.0,
  "cumulative_emissions_tco2": 139504669.41249996,
  "solar_total_built_mw": 12010.8076,
  "final_storage_capacity_mwh": 0.0,
  "solar_public_total_mw": 0.0,
  "gas_shadow_last_year": 52025270.0,
  "solar_eaas_total_mw": 12010.8076
}