{
  "gas_binding_share": 0.047619047619047616,
  "gas_shadow_avg_usd_per_twh_th": 23227576.0,
  "gas_shadow_max_usd_per_twh_th": 23227576.0,
  "npv_total_cost_usd": 20300583686.933315,
  "cumulative_unserved_twh": 0.0,
  "cumulative_emissions_tco2": 27112159.996249996,
  "solar_total_built_mw": 16861.546834999997,
  "final_storage_capacity_mwh": 0.0,
  "solar_public_total_mw": 4297.71419,
  "gas_shadow_last_year": 23227576.0,
  "solar_eaas_total_mw": 12563.832645
}