{
  "gas_binding_share": 0.14285714285714285,
  "gas_shadow_avg_usd_per_twh_th": 5459069716.0,
  "gas_shadow_max_usd_per_twh_th": 8565000000.0,
  "npv_total_cost_usd": 51795537851.06444,
  "cumulative_unserved_twh": 1.47637,
  "cumulative_emissions_tco2": 60851927.06564999,
  "solar_total_built_mw": 16411.546825,
  "final_storage_capacity_mwh": 4257.360000000001,
  "solar_public_total_mw": 11592.237875,
  "gas_shadow_last_year": 25845548.0,
  "solar_eaas_total_mw": 4819.30895
}