{
  "gas_binding_share": 1.0,
  "gas_shadow_avg_usd_per_twh_th": 414413456.907619,
  "gas_shadow_max_usd_per_twh_th": 4292732100.0,
  "npv_total_cost_usd": 48083861878.87538,
  "cumulative_unserved_twh": 3.7091187999999997,
  "cumulative_emissions_tco2": 115935487.85229999,
  "solar_total_built_mw": 16762.349924,
  "final_storage_capacity_mwh": 7496.5116,
  "solar_public_total_mw": 2509.867244,
  "gas_shadow_last_year": 15215047.0,
  "solar_eaas_total_mw": 14252.482679999997
}