{
  "gas_binding_share": 1.0,
  "gas_shadow_avg_usd_per_twh_th": 1944722888.5714285,
  "gas_shadow_max_usd_per_twh_th": 4292732100.0,
  "npv_total_cost_usd": 513164552969.1267,
  "cumulative_unserved_twh": 134.25389579999998,
  "cumulative_emissions_tco2": 115935487.85229999,
  "solar_total_built_mw": 10500.0,
  "final_storage_capacity_mwh": 28652.709400000007,
  "solar_public_total_mw": 3316.0204599999997,
  "gas_shadow_last_year": 638087280.0,
  "solar_eaas_total_mw": 7183.97954
}