{
  "npv_total_cost_usd": 11915294625.711243,
  "cumulative_unserved_twh": 0.0,
  "cumulative_emissions_tco2": 154574275.79999998,
  "solar_total_built_mw": 13489.228009999999,
  "storage_capacity_mwh": 0.0
}