ndc_label,ndc_version,ambition_level,financing_arm,npv_total_cost_usd,solar_total_mw,solar_eaas_total_mw,solar_public_total_mw,storage_final_mwh,cumulative_unserved_twh,horizon_reliability,carbon_binding_years,carbon_shadow_mean,gas_binding_years,cap_2030_tco2,status
ndc2_unconditional,NDC 2.0,unconditional,public_only,11089476893.232353,14715.927050000002,0.0,14715.927050000002,3745.7965,0.0,1.0,20,139.5459893809524,1,5890820.8,optimal
ndc2_unconditional,NDC 2.0,unconditional,eaas,10508713098.432352,14965.36175,6325.92589,8639.43586,0.0,0.0,1.0,20,43.67579362380952,1,5890820.8,optimal
ndc2_conditional,NDC 2.0,conditional,public_only,11837365964.872883,16962.00102,0.0,16962.00102,0.0,0.0,1.0,20,43.67579362380952,1,3902668.78,optimal
ndc2_conditional,NDC 2.0,conditional,eaas,11837365964.872883,16962.001020000003,2809.44693,14152.554090000001,0.0,0.0,1.0,20,43.67579362380952,1,3902668.78,optimal
ndc3_unconditional,NDC 3.0,unconditional,public_only,759213105240.7612,15388.85652,0.0,15388.85652,42948.940720000006,111.5833952,0.848772081234012,20,8117.753376190476,1,0.0,optimal
ndc3_unconditional,NDC 3.0,unconditional,eaas,86699901758.85538,19351.33018,10106.473890000001,9244.85629,22976.2288,8.3308055,0.9887093382025962,20,2834.051558385714,0,0.0,optimal
ndc3_conditional,NDC 3.0,conditional,public_only,316621307635.0709,15908.41077,0.0,15908.41077,44353.34051,43.0882566,0.9416028938965926,20,7535.968047619046,1,0.0,optimal
ndc3_conditional,NDC 3.0,conditional,eaas,137742286680.82733,19351.3302,11144.763770000001,8206.566429999999,22976.2288,14.1627951,0.9808052979294707,20,2834.051558385714,0,0.0,optimal
